QR_img,background_img,legal_text,headline_img,headline_text,logo_img,offer_shape_img,offer_text_img,offer_text,product_img,retailer_img,shape_overlay_img,subheadline_img,subheadline_text,video1,composition_tag,creative_library_id,creative_id,version-name,clickTag1,experience_id,1920x1080
Food-01,Food-01,,,"12 inch Supreme Pizza<br>$10.99",Food-01,Food-01,,"Buy One<br>Get One<br><free>Free<sup>*</sup></free>",Food-01,Food-01,Food-01,,,Food-01,LF-BC-1920x1080-Crave,184059,4778433,Food-01,https://flashtalking.com/,1c24329b-c671-497d-82ca-b0c0569a6f9f,https://d1u7u6rhc3dqyi.cloudfront.net/bf3c0d51-d606-4f17-8128-81bb51397b61/1c24329b-c671-497d-82ca-b0c0569a6f9f/d1d032e0-97d9-4b2f-b542-2992e6c0746b.mp4
Food-Dads,Food-Dads,,,"Quick and Delicious:<br>Unleashing the Power of<br>Instant Food for Busy Dads!",Food-Dads,Food-Dads,,Save*<br><lg>$2</lg>,none,Food-Dads,Food-Dads,,,Food-Dads,LF-BC-1920x1080-Crave,184059,4778433,Food-Dads,https://flashtalking.com/,2956a8f7-f824-4e92-9b6a-3419366a8339,https://d1u7u6rhc3dqyi.cloudfront.net/bf3c0d51-d606-4f17-8128-81bb51397b61/2956a8f7-f824-4e92-9b6a-3419366a8339/102a25d7-b5ce-44c4-a704-6488f9d505bf.mp4
Food-Kids,Food-Kids,,,"Kids' Squeezable Applesauce<br>Makes Eating Fun On The Go!",Food-Kids,Food-Kids,,"Get More<br>& Save*<br><lg>$2</lg>",none,Food-Kids,Food-Kids,,,Food-Kids,LF-BC-1920x1080-Crave,184059,4778433,Food-Kids,https://flashtalking.com/,a62325f6-bede-40dd-81cc-1ccb0127eee4,https://d1u7u6rhc3dqyi.cloudfront.net/bf3c0d51-d606-4f17-8128-81bb51397b61/a62325f6-bede-40dd-81cc-1ccb0127eee4/2b9533fb-c56c-4006-ac82-556a8373ca22.mp4
Food-Moms,Food-Moms,,,"Nutrient-Rich Cornflakes --<br>A Nourishing Delight for Mom!",Food-Moms,Food-Moms,,Save*<br><lg>$2</lg>,Food-Moms,Food-Moms,Food-Moms,,,Food-Moms,LF-BC-1920x1080-Crave,184059,4778433,Food-Moms,https://flashtalking.com/,49e03a16-dfb1-42a9-8a41-55ea29d52cf3,https://d1u7u6rhc3dqyi.cloudfront.net/bf3c0d51-d606-4f17-8128-81bb51397b61/49e03a16-dfb1-42a9-8a41-55ea29d52cf3/2b28efb5-8ac6-44ad-a105-57e9d57649d4.mp4
Neelie-01,Neelie-01,,,"Fragrance free Moisturizing<br>Cream with Ceramides<br>8 Oz",Neelie-01,none,,Enjoy<br><lg1>20</lg1><lg2>%</lg2><lg3>Off*</lg3>,Neelie-01,Neelie-01,none,,,Neelie-01,LF-BC-1920x1080-Neelie,184059,4778456,Neelie-01,https://flashtalking.com/,46d63eaa-2994-43fb-b666-1e4c998d5a0b,https://d1u7u6rhc3dqyi.cloudfront.net/bf3c0d51-d606-4f17-8128-81bb51397b61/46d63eaa-2994-43fb-b666-1e4c998d5a0b/273945d2-8bb5-4630-b384-85be89e80781.mp4
Neelie-Dads,Neelie-Dads,,,"Dad Moments:<br>Love, Laughter & Magic",Neelie-Dads,Neelie-Dads,,Discount*<br><lg1>10%</lg1>,Neelie-Dads,Neelie-Dads,none,,,Neelie-Dads,LF-BC-1920x1080-Neelie,184059,4778456,Neelie-Dads,https://flashtalking.com/,2c0ba030-4371-4221-9a69-626ac3596dfe,https://d1u7u6rhc3dqyi.cloudfront.net/bf3c0d51-d606-4f17-8128-81bb51397b61/2c0ba030-4371-4221-9a69-626ac3596dfe/4a227f87-0646-4ea6-a631-e7d0de6bd5c9.mp4
Neelie-Kids,Neelie-Kids,,,"Autumn bliss for little ones,<br>savings on baby comfort!",Neelie-Kids,Neelie-Kids,,GET<br><lg1>40%</lg1><br><lg2>OFF*</lg2>,Neelie-Kids,Neelie-Kids,none,,,Neelie-Kids,LF-BC-1920x1080-Neelie,184059,4778456,Neelie-Kids,https://flashtalking.com/,edaddd07-7d2f-4f19-8d78-70c9cc15a94c,https://d1u7u6rhc3dqyi.cloudfront.net/bf3c0d51-d606-4f17-8128-81bb51397b61/edaddd07-7d2f-4f19-8d78-70c9cc15a94c/10a41964-315a-4e54-abf5-9d8c7415d48f.mp4
Neelie-Moms,Neelie-Moms,,,"Happy feeding, happy mom,<br>exclusive deals on baby<br>feeders inside!",Neelie-Moms,Neelie-Moms,,SAVE<lg1>*</lg1><br><lg2>10%</lg2>,Neelie-Moms,Neelie-Moms,none,,,Neelie-Moms,LF-BC-1920x1080-Neelie,184059,4778456,Neelie-Moms,https://flashtalking.com/,258baf41-24cb-469c-9c6b-bb0b80da3e2c,https://d1u7u6rhc3dqyi.cloudfront.net/bf3c0d51-d606-4f17-8128-81bb51397b61/258baf41-24cb-469c-9c6b-bb0b80da3e2c/335cefd1-0680-4dd1-890b-748712ab4696.mp4
Soak-01,Soak-01,,,"NEW BowlBright Plus",Soak-01,Soak-01,,ENJOY<br><lg1>20</lg1><br><lg2>%</lg2><lg3>OFF*</lg3>,Soak-01,Soak-01,Soak-01,,"Net Weight: 32 fl oz<br>$9.99",Soak-01,LF-BC-1920x1080-Soak,184059,4778439,Soak-01,https://flashtalking.com/,3e683707-af1d-481c-8784-c1ad60cfd8c2,https://d1u7u6rhc3dqyi.cloudfront.net/bf3c0d51-d606-4f17-8128-81bb51397b61/3e683707-af1d-481c-8784-c1ad60cfd8c2/b05a8e36-88c3-426b-8576-6d9a2f11eb00.mp4
Soak-Dads,Soak-Dads,,,"Original White Glass and Window Cleaner",Soak-Dads,Soak-Dads,,"BUY ONE<br>GET ONE<br><lg1>50</lg1><lg2>%</lg2><lg3>OFF</lg3>",Soak-Dads,Soak-Dads,Soak-Dads,,"26 fl oz",Soak-Dads,LF-BC-1920x1080-Soak,184059,4778439,Soak-Dads,https://flashtalking.com/,a753c831-1e2c-4556-9dee-c304faa4a6c4,https://d1u7u6rhc3dqyi.cloudfront.net/bf3c0d51-d606-4f17-8128-81bb51397b61/a753c831-1e2c-4556-9dee-c304faa4a6c4/d9d8ddac-29a8-404b-960e-c04d91bfa7c2.mp4
Soak-Kids,Soak-Kids,,,"Nourishing Tiny Hands",Soak-Kids,Soak-Kids,,"BUY ONE<br>GET ONE<br><lg1>50</lg1><lg2>%</lg2><lg3>OFF</lg3>",Soak-Kids,Soak-Kids,Soak-Kids,,"8.5 fl oz",Soak-Kids,LF-BC-1920x1080-Soak,184059,4778439,Soak-Kids,https://flashtalking.com/,1ca10a4c-034e-47f2-8497-d0bcb7a72396,https://d1u7u6rhc3dqyi.cloudfront.net/bf3c0d51-d606-4f17-8128-81bb51397b61/1ca10a4c-034e-47f2-8497-d0bcb7a72396/56e63e0d-a11e-416c-a1a2-17da2a21ba0e.mp4
Soak-Moms,Soak-Moms,,,"Gentle on Fabrics",Soak-Moms,Soak-Moms,,"BUY ONE<br>GET ONE<br><lg1>50</lg1><lg2>%</lg2><lg3>OFF</lg3>",Soak-Moms,Soak-Moms,Soak-Moms,,"Now available in<br>larger size - 146 fl oz",Soak-Moms,LF-BC-1920x1080-Soak,184059,4778439,Soak-Moms,https://flashtalking.com/,ee25d43c-1ddb-46c1-bf28-5592222bc72c,https://d1u7u6rhc3dqyi.cloudfront.net/bf3c0d51-d606-4f17-8128-81bb51397b61/ee25d43c-1ddb-46c1-bf28-5592222bc72c/a700f5f7-7e96-45ba-a3bb-b3487b0e3c6b.mp4
Bev-01,Bev-01,,,"THE NEW TRUBEV<br>BERRY BASH SODA",Bev-01,Bev-01,,"BUY 1 GET 1<br><lg>Limited time only</lg>",Bev-01,Bev-01,Bev-01,,"12.5 Fl Oz",Bev-01,LF-BC-1920x1080-TruBev,184059,4778463,Bev-01,https://flashtalking.com/,0384e000-6b45-41d9-84cc-131543e3b44a,https://d1u7u6rhc3dqyi.cloudfront.net/bf3c0d51-d606-4f17-8128-81bb51397b61/0384e000-6b45-41d9-84cc-131543e3b44a/eb21f2b6-3558-46a9-8bd3-ce73c66486bb.mp4
Bev-Dads,Bev-Dads,,,"RESPONSIBLE DAD.<br>SMART CHOICES. TRUBEV!",Bev-Dads,Bev-Dads,,"<lg>Sip & Save*</lg><br>$5",Bev-Dads,Bev-Dads,Bev-Dads,,,Bev-Dads,LF-BC-1920x1080-TruBev,184059,4778463,Bev-Dads,https://flashtalking.com/,17bfb694-99f1-402b-9912-d44ea82c7e8c,https://d1u7u6rhc3dqyi.cloudfront.net/bf3c0d51-d606-4f17-8128-81bb51397b61/17bfb694-99f1-402b-9912-d44ea82c7e8c/7caf0c90-7074-4d9c-88b7-a2a3476ca414.mp4
Bev-Kids,Bev-Kids,,,"HEALTHY HYDRATION<br>FOR KIDS!",Bev-Kids,Bev-Kids,,"<lg>Get Off*</lg><br>25%",Bev-Kids,Bev-Kids,Bev-Kids,,,Bev-Kids,LF-BC-1920x1080-TruBev,184059,4778463,Bev-Kids,https://flashtalking.com/,dd39617a-5d59-4fc5-b049-53262b2ffad9,https://d1u7u6rhc3dqyi.cloudfront.net/bf3c0d51-d606-4f17-8128-81bb51397b61/dd39617a-5d59-4fc5-b049-53262b2ffad9/b6b8d49f-9b55-42c2-829d-dc3d70c27cd3.mp4
Bev-Moms,Bev-Moms,,,"MOM, YOU DESERVE<br>SELF-CARE TOO!",Bev-Moms,Bev-Moms,,"<lg>Sip & Save*</lg><br>$10",Bev-Moms,Bev-Moms,Bev-Moms,,,Bev-Moms,LF-BC-1920x1080-TruBev,184059,4778463,Bev-Moms,https://flashtalking.com/,d36f9dd7-ee19-4a46-8aa8-06bee5eff9e3,https://d1u7u6rhc3dqyi.cloudfront.net/bf3c0d51-d606-4f17-8128-81bb51397b61/d36f9dd7-ee19-4a46-8aa8-06bee5eff9e3/4f510462-be25-4db9-ab82-2ff6cfc808ea.mp4
Zoe-01,Zoe-01,,,"Pixels by Zoe<br>Long Lasting Eyeshadow",Zoe-01,Zoe-01,,Discount*<br><lg>30%</lg>,Zoe-01,Zoe-01,none,,"0.28 oz $22.00",Zoe-01,LF-BC-1920x1080-Zoe,184059,4778464,Zoe-01,https://flashtalking.com/,06cceb87-cb37-48b9-8cfe-900d0abbeab5,https://d1u7u6rhc3dqyi.cloudfront.net/bf3c0d51-d606-4f17-8128-81bb51397b61/06cceb87-cb37-48b9-8cfe-900d0abbeab5/7d9b559f-2e2c-42be-a415-d6b34a9c18d6.mp4
Zoe-Dads,Zoe-Dads,,,"<span>Special Offers on</span><br><span>Anti-Aging Cream for Dads!</span>",Zoe-Dads,Zoe-Dads,,Discount*<br><lg>30%</lg>,Zoe-Dads,Zoe-Dads,none,,,Zoe-Dads,LF-BC-1920x1080-Zoe,184059,4778464,Zoe-Dads,https://flashtalking.com/,91b7f244-3ae9-4bbf-9071-5b0114c0a9f4,https://d1u7u6rhc3dqyi.cloudfront.net/bf3c0d51-d606-4f17-8128-81bb51397b61/91b7f244-3ae9-4bbf-9071-5b0114c0a9f4/edfaa0f5-cb81-4afa-8523-db9d139916d5.mp4
Zoe-Kids,Zoe-Kids,,,"<span>Kid-Friendly Lip Color Delight</span>",Zoe-Kids,Zoe-Kids,,<lg>25%</lg><br>OFF*,Zoe-Kids,Zoe-Kids,none,,"<span>discover cosmentics that are safe</span><br><span>for your little ones</span>",Zoe-Kids,LF-BC-1920x1080-Zoe,184059,4778464,Zoe-Kids,https://flashtalking.com/,cc645c6b-8d01-4b14-8627-5a3b2624d062,https://d1u7u6rhc3dqyi.cloudfront.net/bf3c0d51-d606-4f17-8128-81bb51397b61/cc645c6b-8d01-4b14-8627-5a3b2624d062/b28b911c-8417-4dc7-af5e-29cec34b1d50.mp4
Zoe-Moms,Zoe-Moms,,,"<span>Pamepr Moms with</span><br><span>Exclusive Cosmetic Offers!</span><br>",Zoe-Moms,Zoe-Moms,,<lg>25%</lg><br>OFF*,Zoe-Moms,Zoe-Moms,none,,,Zoe-Moms,LF-BC-1920x1080-Zoe,184059,4778464,Zoe-Moms,https://flashtalking.com/,33b84227-c559-486a-875b-1fef954ae580,https://d1u7u6rhc3dqyi.cloudfront.net/bf3c0d51-d606-4f17-8128-81bb51397b61/33b84227-c559-486a-875b-1fef954ae580/41c7eb54-cef4-44cd-b48e-9b742291b012.mp4
Food-01,Food-01,,,"12 inch Supreme Pizza<br>$10.99",Food-01,Food-01,,"Buy One<br>Get One<br><free>Free<sup>*</sup></free>",Food-01,Food-01,Food-01,,,Food-01,LF-BT-1920x1080,184059,4778442,Food-01,https://flashtalking.com/,003a4ddb-67ea-45eb-8a71-a6b6d5c8280b,https://d1u7u6rhc3dqyi.cloudfront.net/bf3c0d51-d606-4f17-8128-81bb51397b61/003a4ddb-67ea-45eb-8a71-a6b6d5c8280b/69c3f9de-5029-4276-9dcc-312768f0c694.mp4
Food-02,Food-02,,,"NEW Chocolate Cinnamon Rolls<br>6 Rolls per pack $9.99",Food-02,Food-02,,Save*<br><lg>$2</lg>,Food-02,Food-02,Food-02,,,Food-02,LF-BT-1920x1080,184059,4778442,Food-02,https://flashtalking.com/,d3e98b46-0d78-44c9-84f4-6ff1eb78fc2b,https://d1u7u6rhc3dqyi.cloudfront.net/bf3c0d51-d606-4f17-8128-81bb51397b61/d3e98b46-0d78-44c9-84f4-6ff1eb78fc2b/d17181c2-df9a-4fe0-8957-44596d065e1a.mp4
Food-03,Food-03,,,"Vegetable Classic Soups<br>19 oz | $2.15/can",Food-03,Food-03,,"Get More<br>& Save*<br><lg>$2</lg>",Food-03,Food-03,Food-03,,,Food-03,LF-BT-1920x1080,184059,4778442,Food-03,https://flashtalking.com/,094caf52-f459-4742-997d-f032e8cf9f36,https://d1u7u6rhc3dqyi.cloudfront.net/bf3c0d51-d606-4f17-8128-81bb51397b61/094caf52-f459-4742-997d-f032e8cf9f36/b4261ae5-de6a-4896-84bc-356151af6e4d.mp4
Food-Afternoon,Food-Afternoon,,,"Your Evening Snack Has<br>Been Elevated -- Crave Chips!",Food-Afternoon,Food-Afternoon,,"Buy One<br>Get One<br><free>Free<sup>*</sup></free>",Food-Afternoon,Food-Afternoon,Food-Afternoon,,,Food-Afternoon,LF-BT-1920x1080,184059,4778442,Food-Afternoon,https://flashtalking.com/,f6710bfc-298e-403c-8375-0d51fcfd8b62,https://d1u7u6rhc3dqyi.cloudfront.net/bf3c0d51-d606-4f17-8128-81bb51397b61/f6710bfc-298e-403c-8375-0d51fcfd8b62/a7bf02e7-a438-4e6c-b148-1c78f234eb70.mp4
Food-Morning,Food-Morning,,,"Nutritious Breakfast Oats<br>Are Great for Any Morning!",Food-Morning,Food-Morning,,"Get More<br>& Save*<br><lg>$2</lg>",none,Food-Morning,Food-Morning,,,Food-Morning,LF-BT-1920x1080,184059,4778442,Food-Morning,https://flashtalking.com/,ed54af96-e215-4566-b936-316d5bf8fdae,https://d1u7u6rhc3dqyi.cloudfront.net/bf3c0d51-d606-4f17-8128-81bb51397b61/ed54af96-e215-4566-b936-316d5bf8fdae/fe4a9208-05ea-4431-961f-e56569c1d785.mp4
Food-Night,Food-Night,,,"Indulge in a Delectable<br>Evening with a Perfectly<br>Crafted Pasta Dinner",Food-Night,Food-Night,,"Get More<br>& Save*<br><lg>$2</lg>",none,Food-Night,Food-Night,,,Food-Night,LF-BT-1920x1080,184059,4778442,Food-Night,https://flashtalking.com/,4c1c6dfe-8ce3-4d63-ba1d-2f698bef73ff,https://d1u7u6rhc3dqyi.cloudfront.net/bf3c0d51-d606-4f17-8128-81bb51397b61/4c1c6dfe-8ce3-4d63-ba1d-2f698bef73ff/2502638f-4bd2-47fa-a167-adfa9b452890.mp4
Soak-01,Soak-01,,,"OmniClean All<br>Purpose Cleaner",Soak-01,none,,"Buy 2, Get 1<br><lg>FREE<sup>*</sup></lg>",Soak-01,Soak-01,Soak-01,,"20 fl oz",Soak-01,LF-BT-1920x1080,184059,4778437,Soak-01,https://flashtalking.com/,d140267d-cb45-44da-8aad-a74cc2a3032a,https://d1u7u6rhc3dqyi.cloudfront.net/bf3c0d51-d606-4f17-8128-81bb51397b61/d140267d-cb45-44da-8aad-a74cc2a3032a/13cc071d-6189-4e7b-b614-4ad261f13668.mp4
Soak-02,Soak-02,,,"PureSuds Laundry<br>Detergent",Soak-02,none,,"Buy 2, Get 1<br><lg>FREE<sup>*</sup></lg>",Soak-02,Soak-02,Soak-02,,"Now available in<br>Larger size - 146 fl oz",Soak-02,LF-BT-1920x1080,184059,4778437,Soak-02,https://flashtalking.com/,7c04b013-90c5-49ec-9508-f048217d6cb9,https://d1u7u6rhc3dqyi.cloudfront.net/bf3c0d51-d606-4f17-8128-81bb51397b61/7c04b013-90c5-49ec-9508-f048217d6cb9/07c51232-d17e-4f7c-b69e-824933024f4c.mp4
Soak-03,Soak-03,,,"FlashPolish<br>Wood Oil",Soak-03,Soak-03,,GET<br><offer>50<dis><per>%</per><off>OFF<sup>*</sup></off></dis></offer>,Soak-03,Soak-03,Soak-03,,"9.7 oz",Soak-03,LF-BT-1920x1080,184059,4778437,Soak-03,https://flashtalking.com/,3a78c618-a1bd-4240-830c-668d9e2b75cb,https://d1u7u6rhc3dqyi.cloudfront.net/bf3c0d51-d606-4f17-8128-81bb51397b61/3a78c618-a1bd-4240-830c-668d9e2b75cb/3d9582cf-516d-4695-8a43-8011635d128d.mp4
Soak-Afternoon,Soak-Afternoon,,,"Soak Air Freshener,<br>Gain Original Scent",Soak-Afternoon,Soak-Afternoon,,ENJOY<br><offer>20<dis><per>%</per><off>OFF</off></dis></offer>,Soak-Afternoon,Soak-Afternoon,Soak-Afternoon,,"8.8 Oz (Pack of 6)",Soak-Afternoon,LF-BT-1920x1080,184059,4778437,Soak-Afternoon,https://flashtalking.com/,512178cc-f575-47cf-99e9-8c1f190cd984,https://d1u7u6rhc3dqyi.cloudfront.net/bf3c0d51-d606-4f17-8128-81bb51397b61/512178cc-f575-47cf-99e9-8c1f190cd984/12240a27-1c18-4793-87dd-cf1cfc1d0f3d.mp4
Soak-Morning,Soak-Morning,,,FreshFloorz,Soak-Morning,Soak-Morning,,"BUY ONE<br>GET ONE<br><offer>50<dis><per>%</per><off>OFF</off></dis></offer>",Soak-Morning,Soak-Morning,Soak-Morning,,"16 fl oz<br>Was $14.99 Now $12.99",Soak-Morning,LF-BT-1920x1080,184059,4778437,Soak-Morning,https://flashtalking.com/,963143b4-d6b6-4b8e-bfb8-9218cccebab7,https://d1u7u6rhc3dqyi.cloudfront.net/bf3c0d51-d606-4f17-8128-81bb51397b61/963143b4-d6b6-4b8e-bfb8-9218cccebab7/c34700fa-9526-48bb-b8d8-73bb22e3243a.mp4
Soak-Night,Soak-Night,,,"After Dinner Cleaning<br>Help with DishSuds",Soak-Night,Soak-Night,,"BUY TWO<br>GET ONE<br><free>FREE</free>",Soak-Night,Soak-Night,Soak-Night,,"Now available in<br>Larger size - 146 fl oz",Soak-Night,LF-BT-1920x1080,184059,4778437,Soak-Night,https://flashtalking.com/,87ce3b20-fd2a-4919-ac9c-043c1b80a734,https://d1u7u6rhc3dqyi.cloudfront.net/bf3c0d51-d606-4f17-8128-81bb51397b61/87ce3b20-fd2a-4919-ac9c-043c1b80a734/7d9c8997-8ef0-4d20-b916-14be1fc32872.mp4
Neelie-01,Neelie-01,,,"Snuggle-Dry<br>Newborn Diapers<br>130 Pack",Neelie-01,Neelie-01,,Discount<sup>*</sup><br><lg>10%</lg>,Neelie-01,Neelie-01,Neelie-01,,,Neelie-01,LF-BT-1920x1080,184059,4778446,Neelie-01,https://flashtalking.com/,2baa7cb5-a613-449c-80fa-03a0f5608e49,https://d1u7u6rhc3dqyi.cloudfront.net/bf3c0d51-d606-4f17-8128-81bb51397b61/2baa7cb5-a613-449c-80fa-03a0f5608e49/0dd8000f-a178-4c8d-87a4-a225a688ef0d.mp4
Neelie-02,Neelie-02,,,"Pure Nourishment<br>Instant Formula",Neelie-02,Neelie-02,,30%<br>Off<sup>*</sup>,Neelie-02,Neelie-02,Neelie-02,,"36oz. can",Neelie-02,LF-BT-1920x1080,184059,4778446,Neelie-02,https://flashtalking.com/,fe73193c-28c6-46bd-a231-144e50bd143f,https://d1u7u6rhc3dqyi.cloudfront.net/bf3c0d51-d606-4f17-8128-81bb51397b61/fe73193c-28c6-46bd-a231-144e50bd143f/5d916ec3-3da5-419e-b968-423b3560f484.mp4
Neelie-03,Neelie-03,,,"Experience<br>Our Soothing<br>Baby Body Wash!<br>20 FI Oz",Neelie-03,Neelie-03,,Get<br><lg>50%</lg><br><lg1>Off<sup>*</sup></lg1>,Neelie-03,Neelie-03,Neelie-03,,,Neelie-03,LF-BT-1920x1080,184059,4778446,Neelie-03,https://flashtalking.com/,d7b02725-6844-47f0-8c24-377e0cddffbd,https://d1u7u6rhc3dqyi.cloudfront.net/bf3c0d51-d606-4f17-8128-81bb51397b61/d7b02725-6844-47f0-8c24-377e0cddffbd/55164cd5-88b4-41f7-bbbf-df99d1b30f35.mp4
Neelie-Afternoon,Neelie-Afternoon,,,"Keep Your Kids Feeling<br>Bath-time Fresh Into<br>The Afternoon",Neelie-Afternoon,Neelie-Afternoon,,Save<sup>*</sup><br><lg>30%</lg>,Neelie-Afternoon,Neelie-Afternoon,Neelie-Afternoon,,,Neelie-Afternoon,LF-BT-1920x1080,184059,4778446,Neelie-Afternoon,https://flashtalking.com/,261b561d-fb8b-4e1c-9d70-785670db794c,https://d1u7u6rhc3dqyi.cloudfront.net/bf3c0d51-d606-4f17-8128-81bb51397b61/261b561d-fb8b-4e1c-9d70-785670db794c/a9f0aadd-fa37-4bc6-9a07-6c860d2bd8bb.mp4
Neelie-Morning,Neelie-Morning,,,"Morning Diaper<br>Changes Made Easy",Neelie-Morning,Neelie-Morning,,30%<br>Off<sup>*</sup>,Neelie-Morning,Neelie-Morning,Neelie-Morning,,,Neelie-Morning,LF-BT-1920x1080,184059,4778446,Neelie-Morning,https://flashtalking.com/,b3e24a3f-1dbe-4f44-81a5-1b50b817f1d8,https://d1u7u6rhc3dqyi.cloudfront.net/bf3c0d51-d606-4f17-8128-81bb51397b61/b3e24a3f-1dbe-4f44-81a5-1b50b817f1d8/016a3e8d-2c80-4849-b8f5-52fdda8858e2.mp4
Neelie-Night,Neelie-Night,,,"Sweet Dreams Start<br>With A Full Belly",Neelie-Night,Neelie-Night,,Get<br><lg>50%</lg><br><lg1>Off<sup>*</sup></lg1>,Neelie-Night,Neelie-Night,Neelie-Night,,,Neelie-Night,LF-BT-1920x1080,184059,4778446,Neelie-Night,https://flashtalking.com/,3ae38199-ffaa-4fc4-ab8c-240ed6cb3410,https://d1u7u6rhc3dqyi.cloudfront.net/bf3c0d51-d606-4f17-8128-81bb51397b61/3ae38199-ffaa-4fc4-ab8c-240ed6cb3410/aa0e0922-4898-4ed4-81f1-f7d3957d55da.mp4
Bev-01,none,,,"ORGANIC UNSWEETENED<br>WHOLE MILK",Bev-01,Bev-01,,"Buy 2 Get 1<br><lg>FREE<sup>*</sup></lg>",Bev-01,Bev-01,Bev-01,,"32 Fl Oz (Pack of 1)",Bev-01,LF-BT-1920x1080,184059,4778445,Bev-01,https://flashtalking.com/,f7b6ebf4-a106-492b-81bb-e64da3b2e588,https://d1u7u6rhc3dqyi.cloudfront.net/bf3c0d51-d606-4f17-8128-81bb51397b61/f7b6ebf4-a106-492b-81bb-e64da3b2e588/bd18826d-f931-4154-b810-4fff9f5b375b.mp4
Bev-02,none,,,"FRESHLY BREWED<br>COFFEE TO GO",Bev-02,Bev-02,,"Get Off<sup>*</sup><br><lg>35%</lg>",Bev-02,Bev-02,Bev-02,,"8/12/16 fl oz",Bev-02,LF-BT-1920x1080,184059,4778445,Bev-02,https://flashtalking.com/,2b3f97b0-5ef8-43f5-bd36-61449e8063a3,https://d1u7u6rhc3dqyi.cloudfront.net/bf3c0d51-d606-4f17-8128-81bb51397b61/2b3f97b0-5ef8-43f5-bd36-61449e8063a3/79878072-5baa-4aed-b9d9-f07823ef02fa.mp4
Bev-03,none,,,"ENERGIZE<br>WITH DRAGON<br>FRUIT JUICE!",Bev-03,Bev-03,,"BUY 1<span style=""font-size:0.65em;"">&</span><br>GET 2<sup>ND*</sup><br>FOR<br><lg>$2</lg>",Bev-03,Bev-03,Bev-03,,"12 FI Oz",Bev-03,LF-BT-1920x1080,184059,4778445,Bev-03,https://flashtalking.com/,7e2b10bc-e196-41c7-8d84-a17646184d65,https://d1u7u6rhc3dqyi.cloudfront.net/bf3c0d51-d606-4f17-8128-81bb51397b61/7e2b10bc-e196-41c7-8d84-a17646184d65/23eeee99-a9e0-457e-82bb-5b881e510464.mp4
Bev-Afternoon,Bev-Afternoon,,,"NEED AN AFTERNOON<br>PICK-ME-UP?<br>BOLD TRUBEV COFFEE",Bev-Afternoon,Bev-Afternoon,,"Get Off<sup>*</sup><br><lg>25%</lg>",Bev-Afternoon,Bev-Afternoon,Bev-Afternoon,,,Bev-Afternoon,LF-BT-1920x1080,184059,4778445,Bev-Afternoon,https://flashtalking.com/,946c608b-9944-45b1-9204-4ea038fd1048,https://d1u7u6rhc3dqyi.cloudfront.net/bf3c0d51-d606-4f17-8128-81bb51397b61/946c608b-9944-45b1-9204-4ea038fd1048/f66a229c-d9b7-4f10-8e02-2aeaf2749388.mp4
Bev-Morning,Bev-Morning,,,"ENERGIZE YOUR<br>MORNINGS WITH<br>GREEN TEA!",Bev-Morning,Bev-Morning,,Save<sup>*</sup><br><lg>$5</lg>,Bev-Morning,Bev-Morning,Bev-Morning,,,Bev-Morning,LF-BT-1920x1080,184059,4778445,Bev-Morning,https://flashtalking.com/,52d8308b-342a-4c0d-ab36-5d32b53739a8,https://d1u7u6rhc3dqyi.cloudfront.net/bf3c0d51-d606-4f17-8128-81bb51397b61/52d8308b-342a-4c0d-ab36-5d32b53739a8/2fc80423-1ac5-4274-b243-e1a7343af08e.mp4
Bev-Night,Bev-Night,,,"THANK GOODNESS<br>FOR WINE THAT PAIRS<br>WELL WITH DINNER!",Bev-Night,Bev-Night,,Save<sup>*</sup><br><lg>$20</lg>,Bev-Night,Bev-Night,Bev-Night,,,Bev-Night,LF-BT-1920x1080,184059,4778445,Bev-Night,https://flashtalking.com/,56db3ff7-1a9d-4943-ad29-3d594d91cafe,https://d1u7u6rhc3dqyi.cloudfront.net/bf3c0d51-d606-4f17-8128-81bb51397b61/56db3ff7-1a9d-4943-ad29-3d594d91cafe/13b141c1-8b76-40ee-bf81-3612784fdd2f.mp4
Zoe-01,Zoe-01,,,"Exclusive<br>Cosmetic Offer",Zoe-01,Zoe-01,,"Discount*<br><lg >30%</lg>",Zoe-01,Zoe-01,Zoe-01,,"on all skincare!",Zoe-01,LF-BT-1920x1080,184059,4778438,Zoe-01,https://flashtalking.com/,1a7d25f6-099b-474c-b52f-2209b51ed7d5,https://d1u7u6rhc3dqyi.cloudfront.net/bf3c0d51-d606-4f17-8128-81bb51397b61/1a7d25f6-099b-474c-b52f-2209b51ed7d5/25462ea1-ad42-484c-914f-fc77db44c576.mp4
Zoe-02,Zoe-02,,,"Limited-Time Deals<br>For The Holidays!",Zoe-02,Zoe-02,,<lg>25%</lg><br>OFF*,Zoe-02,Zoe-02,Zoe-02,,,Zoe-02,LF-BT-1920x1080,184059,4778438,Zoe-02,https://flashtalking.com/,f2122fef-4681-4cc5-81b2-a44aa98e86eb,https://d1u7u6rhc3dqyi.cloudfront.net/bf3c0d51-d606-4f17-8128-81bb51397b61/f2122fef-4681-4cc5-81b2-a44aa98e86eb/d2fe89d4-9145-4d11-a4e8-89fca6a70eda.mp4
Zoe-03,Zoe-03,,,"WhipLip by Zoe<br>Suede Ink Lipsticks",Zoe-03,Zoe-03,,Discount*<br><lg>30%</lg>,Zoe-03,Zoe-03,Zoe-03,,"0.9 oz $15.00",Zoe-03,LF-BT-1920x1080,184059,4778438,Zoe-03,https://flashtalking.com/,7067c62f-ff54-4ea7-991f-32cb1b028257,https://d1u7u6rhc3dqyi.cloudfront.net/bf3c0d51-d606-4f17-8128-81bb51397b61/7067c62f-ff54-4ea7-991f-32cb1b028257/85cbeb1a-1f8b-47e4-a222-09350ccbdf24.mp4
Zoe-Afternoon,Zoe-Afternoon,,,"Revitalize Your Beauty",Zoe-Afternoon,Zoe-Afternoon,,<lg>25%</lg><br>OFF,Zoe-Afternoon,Zoe-Afternoon,Zoe-Afternoon,,"keep that all-day glow<br>even in the afternoon.",Zoe-Afternoon,LF-BT-1920x1080,184059,4778438,Zoe-Afternoon,https://flashtalking.com/,20814536-ff03-4f8b-8bdb-86fea9d79a31,https://d1u7u6rhc3dqyi.cloudfront.net/bf3c0d51-d606-4f17-8128-81bb51397b61/20814536-ff03-4f8b-8bdb-86fea9d79a31/8bd8ef3a-7b03-4b20-952b-a4ec67e188c3.mp4
Zoe-Morning,Zoe-Morning,,,"Rise and Shine with<br>Radiant Beauty",Zoe-Morning,Zoe-Morning,,"UP TO<br><lg>20%</lg><br>OFF*",Zoe-Morning,Zoe-Morning,Zoe-Morning,,"discover a new<br>morning skincare routine",Zoe-Morning,LF-BT-1920x1080,184059,4778438,Zoe-Morning,https://flashtalking.com/,6b6dc726-9f54-44d4-aaca-ffbb93e2de79,https://d1u7u6rhc3dqyi.cloudfront.net/bf3c0d51-d606-4f17-8128-81bb51397b61/6b6dc726-9f54-44d4-aaca-ffbb93e2de79/e4037db1-9f6c-4c8e-85fa-7d459cde144a.mp4
Zoe-Night,Zoe-Night,,,"Glow All Night<br>and Pamper Yourself<br>with Special Savings",Zoe-Night,Zoe-Night,,"UP TO<br><lg>20%</lg><br>OFF*",Zoe-Night,Zoe-Night,Zoe-Night,,,Zoe-Night,LF-BT-1920x1080,184059,4778438,Zoe-Night,https://flashtalking.com/,8ccff20d-84bd-487b-95c0-c0a8e8b679b8,https://d1u7u6rhc3dqyi.cloudfront.net/bf3c0d51-d606-4f17-8128-81bb51397b61/8ccff20d-84bd-487b-95c0-c0a8e8b679b8/62308ccf-e6d0-4069-8a60-93a82563565c.mp4
Food-01,Food-01,,,"12 inch<br>Supreme Pizza<br>$10.99",Food-01,Food-01,,"Buy One<br>Get One<br><free>Free<sup>*</sup></free>",Food-01,Food-01,Food-01,,,Food-01,LF-EC-1920x1080,184059,4778444,Food-01,https://flashtalking.com/,de2fe1e7-358e-4c50-aa24-a174ba9a2df0,https://d1u7u6rhc3dqyi.cloudfront.net/bf3c0d51-d606-4f17-8128-81bb51397b61/de2fe1e7-358e-4c50-aa24-a174ba9a2df0/aa5c4fd7-f1ee-45a5-9204-7c3dfdd07c70.mp4
Food-02,Food-02,,,"NEW Chocolate<br>Cinnamon Rolls<br>6 Rolls per pack<br>$9.99",Food-02,Food-02,,Save*<br><lg>$2</lg>,Food-02,Food-02,Food-02,,,Food-02,LF-EC-1920x1080,184059,4778444,Food-02,https://flashtalking.com/,9ff7ab6b-8e62-4974-82b3-ebca04b9bca2,https://d1u7u6rhc3dqyi.cloudfront.net/bf3c0d51-d606-4f17-8128-81bb51397b61/9ff7ab6b-8e62-4974-82b3-ebca04b9bca2/672b91a7-73d1-4ba2-94b5-c38ff3e0f178.mp4
Food-03,Food-03,,,"Vegetable<br>Classic Soups<br>19 oz |<br> $2.15/can",Food-03,Food-03,,"Get More<br>& Save*<br><lg>$2</lg>",Food-03,Food-03,Food-03,,,Food-03,LF-EC-1920x1080,184059,4778444,Food-03,https://flashtalking.com/,8e64b5de-0556-48ca-a91e-e22d915949c7,https://d1u7u6rhc3dqyi.cloudfront.net/bf3c0d51-d606-4f17-8128-81bb51397b61/8e64b5de-0556-48ca-a91e-e22d915949c7/80e488f5-a93d-4663-81bf-d35c63cc6169.mp4
Food-Fall,Food-Fall,,,"Fall Into<br>Temptation<br>with Irresistible<br>Chocolate Bars<br>This Autumn",Food-Fall,Food-Fall,,"Buy One<br>Get One<sup>*</sup>",Food-Fall,Food-Fall,Food-Fall,,,Food-Fall,LF-EC-1920x1080,184059,4778444,Food-Fall,https://flashtalking.com/,422319a2-d6ec-47b0-a104-fa947f709ccb,https://d1u7u6rhc3dqyi.cloudfront.net/bf3c0d51-d606-4f17-8128-81bb51397b61/422319a2-d6ec-47b0-a104-fa947f709ccb/b1f60caa-877c-4474-9138-7eb30a8c27ef.mp4
Food-Spring,Food-Spring,,,"Awaken Your<br>Taste Buds<br>This Spring with<br>Fresh Vegetables!",Food-Spring,Food-Spring,,SAVE*<br><lg>$2</lg>,none,Food-Spring,Food-Spring,,,Food-Spring,LF-EC-1920x1080,184059,4778444,Food-Spring,https://flashtalking.com/,a5b14e41-e911-4281-945d-db21f5ad2370,https://d1u7u6rhc3dqyi.cloudfront.net/bf3c0d51-d606-4f17-8128-81bb51397b61/a5b14e41-e911-4281-945d-db21f5ad2370/6875c648-3c1d-4ce8-916e-68c488fc6940.mp4
Food-Summer,Food-Summer,,,"Sip into<br>Summer Bliss<br>with Refreshing<br>Strawberry Juice!",Food-Summer,Food-Summer,,"Buy One<br>Get One<br><free>Free<sup>*</sup></free>",none,Food-Summer,Food-Summer,,,Food-Summer,LF-EC-1920x1080,184059,4778444,Food-Summer,https://flashtalking.com/,9ffa1e9b-8425-47dc-ae7d-804a7faa4c9b,https://d1u7u6rhc3dqyi.cloudfront.net/bf3c0d51-d606-4f17-8128-81bb51397b61/9ffa1e9b-8425-47dc-ae7d-804a7faa4c9b/2ceb1a5a-a695-4721-a367-af3e6168f5e1.mp4
Food-Winter,Food-Winter,,,"Winter-Inspired<br>Burgers that<br>Warm the Soul!",Food-Winter,Food-Winter,,SAVE*<br><lg>$2</lg>,none,Food-Winter,Food-Winter,,,Food-Winter,LF-EC-1920x1080,184059,4778444,Food-Winter,https://flashtalking.com/,98dfed9a-0260-4fda-9207-06ebe1658488,https://d1u7u6rhc3dqyi.cloudfront.net/bf3c0d51-d606-4f17-8128-81bb51397b61/98dfed9a-0260-4fda-9207-06ebe1658488/3b0c3bc8-c667-45ef-9251-d01086788946.mp4
Soak-01,Soak-01,,,"PureSuds<br>Laundry Detergent",Soak-01,Soak-01,,ENJOY<br><offer>20<dis><per>%</per><off>OFF<sup>*</sup></off></dis></offer>,Soak-01,Soak-01,Soak-01,,"Now available in larger size -<br>146 fl oz",Soak-01,LF-EC-1920x1080,184059,4778465,Soak-01,https://flashtalking.com/,c892d6b5-92d6-4795-84dd-114b62e685d4,https://d1u7u6rhc3dqyi.cloudfront.net/bf3c0d51-d606-4f17-8128-81bb51397b61/c892d6b5-92d6-4795-84dd-114b62e685d4/543f9cc1-6d52-48d1-ab23-bab6831e36d9.mp4
Soak-02,Soak-02,,,"SoftScents<br>Hand Wash",Soak-02,Soak-02,,GET<br><offer>50<dis><per>%</per><off>OFF<sup>*</sup></off></dis></offer>,Soak-02,Soak-02,Soak-02,,"8.5 fl oz",Soak-02,LF-EC-1920x1080,184059,4778465,Soak-02,https://flashtalking.com/,d79f4b6f-a341-4f22-ab08-7a6a511efbe5,https://d1u7u6rhc3dqyi.cloudfront.net/bf3c0d51-d606-4f17-8128-81bb51397b61/d79f4b6f-a341-4f22-ab08-7a6a511efbe5/0e717969-ec1b-42c3-9d81-c2bead07de81.mp4
Soak-03,Soak-03,,,DishSuds,Soak-03,none,,"Buy 1, Get 1<br><lg>$50! Off<sup>*</sup></lg>",Soak-03,Soak-03,Soak-03,,"Remove grease<br>with 22 fl oz of power!",Soak-03,LF-EC-1920x1080,184059,4778465,Soak-03,https://flashtalking.com/,927a5329-209d-4994-9a10-5767742c7e77,https://d1u7u6rhc3dqyi.cloudfront.net/bf3c0d51-d606-4f17-8128-81bb51397b61/927a5329-209d-4994-9a10-5767742c7e77/4191effa-d8de-4854-ad03-4b169edcd146.mp4
Soak-Fall,Soak-Fall,,,"Foliage More Clearity!",Soak-Fall,Soak-Fall,,"BUY TWO<br>GET ONE<br><free>FREE</free>",Soak-Fall,Soak-Fall,Soak-Fall,,"26 fl oz",Soak-Fall,LF-EC-1920x1080,184059,4778465,Soak-Fall,https://flashtalking.com/,d7680d64-a85a-492b-ab73-03c4a23324a3,https://d1u7u6rhc3dqyi.cloudfront.net/bf3c0d51-d606-4f17-8128-81bb51397b61/d7680d64-a85a-492b-ab73-03c4a23324a3/052068f2-3e0a-45b8-a55e-4fb27f07fab1.mp4
Soak-Spring,Soak-Spring,,,"Bring the Freshness of Spring to<br>Your Bathroom",Soak-Spring,Soak-Spring,,ENJOY<br><offer>20<dis><per>%</per><off>OFF<sup>*</sup></off></dis></offer>,Soak-Spring,Soak-Spring,Soak-Spring,,"Net Weight: 32 fl oz<br>$9.99",Soak-Spring,LF-EC-1920x1080,184059,4778465,Soak-Spring,https://flashtalking.com/,550384d1-dcf9-4bc5-9403-02fd7e28f7cc,https://d1u7u6rhc3dqyi.cloudfront.net/bf3c0d51-d606-4f17-8128-81bb51397b61/550384d1-dcf9-4bc5-9403-02fd7e28f7cc/3e19310b-1f42-4b80-8e05-0ffe73a4b616.mp4
Soak-Summer,Soak-Summer,,,FreshFloorz,Soak-Summer,Soak-Summer,,"BUY ONE<br>GET ONE<br><offer>50<dis><per>%</per><off>OFF</off></dis></offer>",Soak-Summer,Soak-Summer,Soak-Summer,,"16 fl oz<br>Was $15.99 Now $12.99",Soak-Summer,LF-EC-1920x1080,184059,4778465,Soak-Summer,https://flashtalking.com/,45d39152-8b02-4035-b6c1-4e102dd0d616,https://d1u7u6rhc3dqyi.cloudfront.net/bf3c0d51-d606-4f17-8128-81bb51397b61/45d39152-8b02-4035-b6c1-4e102dd0d616/6666aa33-3f39-425a-8751-4d63d0fdacf4.mp4
Soak-Winter,Soak-Winter,,,"PureSuds<br>Laundry Detergent",Soak-Winter,Soak-Winter,,"BUY TWO<br>GET ONE<br><free>FREE</free>",Soak-Winter,Soak-Winter,Soak-Winter,,"Now available in Larger size - 146 fl oz",Soak-Winter,LF-EC-1920x1080,184059,4778465,Soak-Winter,https://flashtalking.com/,c49c807a-a25d-4f8d-a7d3-be75234302ba,https://d1u7u6rhc3dqyi.cloudfront.net/bf3c0d51-d606-4f17-8128-81bb51397b61/c49c807a-a25d-4f8d-a7d3-be75234302ba/7cb661a1-515c-49bf-8efd-1a2bcf2ab334.mp4
Neelie-01,Neelie-01,,,"All Neelie's Baby Products<br>On Sale Now!",Neelie-01,Neelie-01,,Save<sup>*</sup><br><lg>30%</lg>,Neelie-01,Neelie-01,none,,,Neelie-01,LF-EC-1920x1080,184059,4778459,Neelie-01,https://flashtalking.com/,8151b63b-dfc0-475a-888a-e7b8c5df10f0,https://d1u7u6rhc3dqyi.cloudfront.net/bf3c0d51-d606-4f17-8128-81bb51397b61/8151b63b-dfc0-475a-888a-e7b8c5df10f0/cdef1569-01f4-4eaf-8632-c1b61933dc96.mp4
Neelie-02,Neelie-02,,,"Tiny Tummies Love Our<br>Anti-Colic Bottles",Neelie-02,Neelie-02,,"$10 Off<sup>*</sup>",Neelie-02,Neelie-02,none,,,Neelie-02,LF-EC-1920x1080,184059,4778459,Neelie-02,https://flashtalking.com/,9c3eaf8c-a357-44b8-9a58-ffa408b841d5,https://d1u7u6rhc3dqyi.cloudfront.net/bf3c0d51-d606-4f17-8128-81bb51397b61/9c3eaf8c-a357-44b8-9a58-ffa408b841d5/27721336-46f7-4b6d-8a7e-abc9e1a0f098.mp4
Neelie-03,Neelie-03,,,"Pure Comfort for<br>Your Little One",Neelie-03,Neelie-03,,SAVE<sup>*</sup><br><offer>10%</offer>,Neelie-03,Neelie-03,none,,"Flip top Lid, 120 Count",Neelie-03,LF-EC-1920x1080,184059,4778459,Neelie-03,https://flashtalking.com/,0d152220-bf57-4f7e-bbfb-7248c35f0e2a,https://d1u7u6rhc3dqyi.cloudfront.net/bf3c0d51-d606-4f17-8128-81bb51397b61/0d152220-bf57-4f7e-bbfb-7248c35f0e2a/655722f4-9de7-41dd-a648-21867880fd8b.mp4
Neelie-Fall,Neelie-Fall,,,"Falling for baby:<br>exclusive Autumn offers<br>on adorable essentials!",Neelie-Fall,none,,"<offer>20</offer>%<lg>off*</lg><br><cut>$29.99</cut> $23.99",Neelie-Fall,Neelie-Fall,none,,,Neelie-Fall,LF-EC-1920x1080,184059,4778459,Neelie-Fall,https://flashtalking.com/,2c09e028-3bb0-45e1-baa6-5bced50c5607,https://d1u7u6rhc3dqyi.cloudfront.net/bf3c0d51-d606-4f17-8128-81bb51397b61/2c09e028-3bb0-45e1-baa6-5bced50c5607/31853924-462f-470a-af4e-c76a265a71ba.mp4
Neelie-Spring,Neelie-Spring,,,"Our Wipes Have A Fresh<br>New Spring Scent For<br>The Season",Neelie-Spring,Neelie-Spring,,Enjoy<br><offer>20</offer><off2>%</off2><sub>Off*</sub>,Neelie-Spring,Neelie-Spring,none,,,Neelie-Spring,LF-EC-1920x1080,184059,4778459,Neelie-Spring,https://flashtalking.com/,7c265d74-a8b3-492c-af09-26d8b1c05b41,https://d1u7u6rhc3dqyi.cloudfront.net/bf3c0d51-d606-4f17-8128-81bb51397b61/7c265d74-a8b3-492c-af09-26d8b1c05b41/147f5847-e364-4e9d-b156-a9e66dfbae38.mp4
Neelie-Summer,Neelie-Summer,,,"Keep Your Baby<br>Fresh For<br>The Summer",Neelie-Summer,Neelie-Summer,,"$10 Off<sup>*</sup>",Neelie-Summer,Neelie-Summer,none,,,Neelie-Summer,LF-EC-1920x1080,184059,4778459,Neelie-Summer,https://flashtalking.com/,ab9ea673-74d0-44a2-8974-d4456f9f559e,https://d1u7u6rhc3dqyi.cloudfront.net/bf3c0d51-d606-4f17-8128-81bb51397b61/ab9ea673-74d0-44a2-8974-d4456f9f559e/d6866303-8eba-420e-b8eb-5f0d19ea7548.mp4
Neelie-Winter,Neelie-Winter,,,"<span>Winter bliss for baby's skin,</span><br><span>nourishing cream delight!</span>",Neelie-Winter,none,,Enjoy<br><offer>20</offer><off2>%</off2><sub>Off*</sub>,Neelie-Winter,Neelie-Winter,none,,,Neelie-Winter,LF-EC-1920x1080,184059,4778459,Neelie-Winter,https://flashtalking.com/,75e78c6a-1d89-4901-88c5-d07e60220238,https://d1u7u6rhc3dqyi.cloudfront.net/bf3c0d51-d606-4f17-8128-81bb51397b61/75e78c6a-1d89-4901-88c5-d07e60220238/be418ce3-589f-43bb-b193-d428c58e783a.mp4
Bev-01,Bev-01,,,"INDULGE<br>CREAMIEST<br> CHOCOLATE<br> MILK",Bev-01,Bev-01,,"<lg>Sip & Save*</lg><br>$10",Bev-01,Bev-01,Bev-01,,"14 Fl Oz (Pack of 12)",Bev-01,LF-EC-1920x1080,184059,4778453,Bev-01,https://flashtalking.com/,c6a4bd52-807b-4de6-bf8b-6f497ab67ad0,https://d1u7u6rhc3dqyi.cloudfront.net/bf3c0d51-d606-4f17-8128-81bb51397b61/c6a4bd52-807b-4de6-bf8b-6f497ab67ad0/50972ffc-e882-4c71-a6e5-d86d8a68f52a.mp4
Bev-02,Bev-02,,,"UNLEASH YOUR<br>POWER WITH TRUBEV<br> ENERGY DRINK",Bev-02,Bev-02,,"BUY 1 GET 1<lg><br>Limited time only</lg>",Bev-02,Bev-02,Bev-02,,"12 Fl Oz (Pack of 12)",Bev-02,LF-EC-1920x1080,184059,4778453,Bev-02,https://flashtalking.com/,7633ea96-378a-45bc-b700-f1404939e06e,https://d1u7u6rhc3dqyi.cloudfront.net/bf3c0d51-d606-4f17-8128-81bb51397b61/7633ea96-378a-45bc-b700-f1404939e06e/a9e317d3-f783-46cd-b367-0c3d57a8b71e.mp4
Bev-03,Bev-03,,,"TRUBEV<br>SPARKLING WATER",Bev-03,Bev-03,,"30%<br><lg> OFF*</lg>",none,Bev-03,Bev-03,,"Variety 10-Pack",Bev-03,LF-EC-1920x1080,184059,4778453,Bev-03,https://flashtalking.com/,095be458-da85-40a1-a38f-7044c772af6d,https://d1u7u6rhc3dqyi.cloudfront.net/bf3c0d51-d606-4f17-8128-81bb51397b61/095be458-da85-40a1-a38f-7044c772af6d/cf79ef20-ed11-4107-a18a-ce5a7ec454cb.mp4
Bev-Fall,Bev-Fall,,,"FALL IN LOVE WITH<br>AUTUMN ALL OVER AGAIN",Bev-Fall,Bev-Fall,,"<lg>Get off*</lg><br> 25%",none,Bev-Fall,Bev-Fall,,"New seasonal flavors",Bev-Fall,LF-EC-1920x1080,184059,4778453,Bev-Fall,https://flashtalking.com/,b980dbbc-43b6-46f4-92f1-8d21f3dd9792,https://d1u7u6rhc3dqyi.cloudfront.net/bf3c0d51-d606-4f17-8128-81bb51397b61/b980dbbc-43b6-46f4-92f1-8d21f3dd9792/3673eba6-f50f-430e-817e-adfc61a7d36c.mp4
Bev-Spring,Bev-Spring,,,"WELCOME SPRING<br>WITH OUR NEW<br>SEASONAL DRINKS!",Bev-Spring,Bev-Spring,,"<lg>Get off*</lg><br> 25%",none,Bev-Spring,Bev-Spring,,,Bev-Spring,LF-EC-1920x1080,184059,4778453,Bev-Spring,https://flashtalking.com/,f17fd6fb-a0b9-4f9b-932b-80f683b65fe0,https://d1u7u6rhc3dqyi.cloudfront.net/bf3c0d51-d606-4f17-8128-81bb51397b61/f17fd6fb-a0b9-4f9b-932b-80f683b65fe0/6dc526d9-287f-4c3d-b061-4854da24797d.mp4
Bev-Summer,Bev-Summer,,,"STAY COOL<br>THIS SUMMER<br>& SIP ON!",Bev-Summer,Bev-Summer,,"<lg>Get off*</lg><br> 25%",none,Bev-Summer,Bev-Summer,,,Bev-Summer,LF-EC-1920x1080,184059,4778453,Bev-Summer,https://flashtalking.com/,c6cae188-dafb-4cd7-be85-984a58596680,https://d1u7u6rhc3dqyi.cloudfront.net/bf3c0d51-d606-4f17-8128-81bb51397b61/c6cae188-dafb-4cd7-be85-984a58596680/dbcb5d43-4396-4868-89f2-cf0aa1784f53.mp4
Bev-Winter,Bev-Winter,,,"SUGAR, SPICE,<br>& SOMETHING NICE!",Bev-Winter,Bev-Winter,,"<lg>Get off*</lg><br> 25%",none,Bev-Winter,Bev-Winter,,"New winter flavors available",Bev-Winter,LF-EC-1920x1080,184059,4778453,Bev-Winter,https://flashtalking.com/,c678dec3-8677-4021-9b9e-7d8dd2e35fd8,https://d1u7u6rhc3dqyi.cloudfront.net/bf3c0d51-d606-4f17-8128-81bb51397b61/c678dec3-8677-4021-9b9e-7d8dd2e35fd8/2580da93-1a0d-4dad-aaed-276f81522f12.mp4
Zoe-01,Zoe-01,,,"Exclusive Cosmetic Offer",Zoe-01,Zoe-01,,<lg>Discount*</lg><br><lg1>30%</lg1>,Zoe-01,Zoe-01,none,,"on all skincare!",Zoe-01,LF-EC-1920x1080,184059,4778436,Zoe-01,https://flashtalking.com/,ccf28ca8-4bd3-47ff-9094-3a57bbb1aae2,https://d1u7u6rhc3dqyi.cloudfront.net/bf3c0d51-d606-4f17-8128-81bb51397b61/ccf28ca8-4bd3-47ff-9094-3a57bbb1aae2/7b4fadbd-e952-40e0-909c-2062bdbd7a37.mp4
Zoe-02,Zoe-02,,,"Exclusive Cesmatic Offer",Zoe-02,Zoe-02,,20%<br><lg1>OFF*</lg1>,Zoe-02,Zoe-02,none,,"nourish and beautify your complexion",Zoe-02,LF-EC-1920x1080,184059,4778436,Zoe-02,https://flashtalking.com/,2c34a0f8-5df9-474c-bcce-c91eba3e033e,https://d1u7u6rhc3dqyi.cloudfront.net/bf3c0d51-d606-4f17-8128-81bb51397b61/2c34a0f8-5df9-474c-bcce-c91eba3e033e/94e97e9f-4aa6-4f50-bbf3-5645134e91ee.mp4
Zoe-03,Zoe-03,,,"Rare Earth Overnight Serum",Zoe-03,Zoe-03,,"UP TO<br><lg>20%</lg><br><lg1>OFF*</lg1>",Zoe-03,Zoe-03,none,,"2 oz jar $55.00",Zoe-03,LF-EC-1920x1080,184059,4778436,Zoe-03,https://flashtalking.com/,f137b41a-eb95-480a-aa13-70f191052d70,https://d1u7u6rhc3dqyi.cloudfront.net/bf3c0d51-d606-4f17-8128-81bb51397b61/f137b41a-eb95-480a-aa13-70f191052d70/9783a2b2-6220-4769-b6c8-fc477fefc7d0.mp4
Zoe-Fall,Zoe-Fall,,,"<span>Fall for Luscious Lip Colors</span>",Zoe-Fall,Zoe-Fall,,<lg>Discount*</lg><br><lg1>30%</lg1>,Zoe-Fall,Zoe-Fall,none,,"<span>embrace the beauty of Autumn --</span><br><span>new seasonal lip colors!</span>",Zoe-Fall,LF-EC-1920x1080,184059,4778436,Zoe-Fall,https://flashtalking.com/,9e039fd5-99bd-441b-9a6e-3437643918dd,https://d1u7u6rhc3dqyi.cloudfront.net/bf3c0d51-d606-4f17-8128-81bb51397b61/9e039fd5-99bd-441b-9a6e-3437643918dd/46295283-9938-42a8-b9cc-58811622babf.mp4
Zoe-Spring,Zoe-Spring,,,"<span>Unwrap Your Spring Beauty</span><br><span>with Exclusive Discount!</span>",Zoe-Spring,Zoe-Spring,,<lg>Save*</lg><br><lg1>30%</lg1>,Zoe-Spring,Zoe-Spring,none,,,Zoe-Spring,LF-EC-1920x1080,184059,4778436,Zoe-Spring,https://flashtalking.com/,ba032656-1f43-4c67-8e1f-93b6f01930c2,https://d1u7u6rhc3dqyi.cloudfront.net/bf3c0d51-d606-4f17-8128-81bb51397b61/ba032656-1f43-4c67-8e1f-93b6f01930c2/6438fb17-a543-46b1-9d8f-6d905aaa768e.mp4
Zoe-Summer,Zoe-Summer,,,"<span>Summer Beauty Essentials</span>",Zoe-Summer,Zoe-Summer,,<lg>Save*</lg><br><lg1>$5</lg1>,Zoe-Summer,Zoe-Summer,none,,"<span>add a pop of color</span><br><span>to your Summer</span>",Zoe-Summer,LF-EC-1920x1080,184059,4778436,Zoe-Summer,https://flashtalking.com/,88e7a8ab-3eb7-4c32-a988-9b01b0953765,https://d1u7u6rhc3dqyi.cloudfront.net/bf3c0d51-d606-4f17-8128-81bb51397b61/88e7a8ab-3eb7-4c32-a988-9b01b0953765/5743d5f4-a468-4416-9cee-b1bb0ca1d37b.mp4
Zoe-Winter,Zoe-Winter,,,"<span>Exclusive Winter Deal</span><br><span>Just For You!</span>",Zoe-Winter,Zoe-Winter,,25%<br><lg1>OFF*</lg1>,Zoe-Winter,Zoe-Winter,none,,,Zoe-Winter,LF-EC-1920x1080,184059,4778436,Zoe-Winter,https://flashtalking.com/,131b4c52-e6cd-4785-b955-01b9269f3403,https://d1u7u6rhc3dqyi.cloudfront.net/bf3c0d51-d606-4f17-8128-81bb51397b61/131b4c52-e6cd-4785-b955-01b9269f3403/0f0c1129-6f77-4e76-95eb-8b0e4118bdc6.mp4
